carrier,p_nom_opt
solar,24543.562807571176
onwind,14360.049677279441
ror,13800.0
CCGT,2481.66
OCGT,1313.5
coal,991.5394154487235
