Monat,AT0 0
Jänner,2050591.733168306
Februar,1533394.3520888928
März,3034350.382003688
April,918947.7782585721
Mai,-4206387.843271816
Juni,-3356657.0738042044
Juli,-4123568.3656046577
August,-1356175.5682286522
September,-835532.4849373241
Oktober,1342265.3075228513
November,1929708.3764109898
Dezember,3367832.641171045
