carrier,p_nom_opt
solar,43817.76007974081
onwind,18046.240790757813
ror,13000.0
CCGT,2481.66
OCGT,1313.5
coal,991.5394154487235
