Monat,AT0 0
Jänner,1212225.9293815105
Februar,449931.94225221704
März,1743540.851382012
April,505710.7560936242
Mai,-4630756.611137157
Juni,-3894818.8121043206
Juli,-6479896.55752273
August,-3477092.161882964
September,-2511622.912852337
Oktober,98253.8684263082
November,1005991.5016496086
Dezember,2225729.8464557943
