carrier,p_nom_opt
solar,27840.98880187145
onwind,14881.738398790952
ror,12600.0
CCGT,2481.66
OCGT,1313.5
coal,991.5394154487235
