Monat,AT0 0
Jänner,2116732.949900306
Februar,1508493.3194546523
März,3021058.120861219
April,1198346.7927047738
Mai,-3565945.2806996116
Juni,-2709649.2656003158
Juli,-4119289.3686981513
August,-1462394.4034169808
September,-848135.9705249273
Oktober,1396230.7499831845
November,2080960.8198542565
Dezember,3371022.656611248
