carrier,p_nom_opt
solar,19649.857210086397
onwind,14360.090831349962
ror,4478.505031122705
CCGT,2481.66
OCGT,1313.5
coal,991.5394154487235
