carrier,p_nom_opt
ror,6400000.0
solar,14380.714255953557
onwind,10263.257110053652
CCGT,2481.66
OCGT,1313.5
coal,991.5394154487235
