carrier,p_nom_opt
solar,54811.92158496241
onwind,17105.475664936017
ror,12674.0
CCGT,2481.66
OCGT,1313.5
coal,991.5394154487235
