Monat,AT0 0
Jänner,1135492.1202640824
Februar,91295.93618324332
März,1216097.2203056817
April,-122842.04475725262
Mai,-4795498.4609952
Juni,-4105249.9906976884
Juli,-7696166.228057681
August,-4575367.366963108
September,-3179398.813386524
Oktober,-449435.0568831378
November,867981.5873288128
Dezember,1955572.0014630198
