carrier,p_nom_opt
ror,13100.0
onwind,7061.162906529124
solar,2756.5671370476703
CCGT,2481.66
OCGT,1313.5
coal,991.5394154487235
