Monat,AT0 0
Jänner,2863855.093925947
Februar,2142287.7654458913
März,3717539.82333125
April,1503209.9966022156
Mai,-3236152.0972299203
Juni,-2562044.956678577
Juli,-3214062.886551969
August,-714738.6503186128
September,54119.63723540605
Oktober,2036986.469471875
November,2900360.064027473
Dezember,4105998.346589092
