Name,consumption[per],wind,solar,ror,cap_ror[MW]
Veigl 17,1.23,12000000.0,12900000.0,43000000.0,12647.058823529413
fluccoplus,1.37,86000000.0,99500000.0,122000000.0,35882.35294117647
Regierungsprogramm 2030,1.23,16790000.0,11200000.0,9190000.0,2702.9411764705883
igw17,1.18,8256000.0,1393000.0,44531000.0,13097.35294117647
UBA17,1.23,62700000.0,53400000.0,153800000.0,45235.294117647056
UBA172050,nan,75900000.0,84800000.0,163000000.0,47941.17647058824
Veigl 17 2050,1.38,20000000.0,32000000.0,43000000.0,12647.058823529413
