Monat,AT0 0
Jänner,3932805.1123300814
Februar,3003574.8425636794
März,4394765.030066292
April,3433267.588528978
Mai,1632377.6210386236
Juni,2403223.3831668017
Juli,-47446.95957783545
August,1344709.5135029845
September,1731233.16861701
Oktober,3756180.910671839
November,4370217.4554321
Dezember,5636113.834510517
