carrier,p_nom_opt
solar,24266.822076650446
ror,12000.0
onwind,10263.314634347642
CCGT,2481.66
OCGT,1313.5
coal,991.5394154487235
