carrier,p_nom_opt
solar,54812.06211231437
onwind,17105.445765985605
ror,12674.0
CCGT,2481.66
OCGT,1313.5
coal,991.5394154487235
