Monat,AT0 0
Jänner,1126479.3114347316
Februar,95503.09097878294
März,1215031.2930096074
April,-58091.40266399759
Mai,-4806991.9232471585
Juni,-4142496.8676466523
Juli,-7704875.958611918
August,-4559222.255613826
September,-3166780.9476810168
Oktober,-446745.2329758643
November,860384.3142647649
Dezember,1985166.5275811485
