Monat,AT0 0
Jänner,3646899.895103714
Februar,3144172.4688416813
März,4875065.847487027
April,1696029.1544676872
Mai,-2865182.4585666494
Juni,-2089328.2352249122
Juli,-726842.8504647032
August,1400452.3025267245
September,1650737.982734935
Oktober,3325131.7921877545
November,3752922.223048736
Dezember,5219295.442650734
